Organism,start_pos,end_pos,predicted_structure,confidence
Homo sapiens (Human),0,1,helix,0.7139907777309418
Homo sapiens (Human),2,22,strand,0.8616685753776914
Homo sapiens (Human),23,26,helix,0.9413947612047195
Homo sapiens (Human),27,29,strand,0.9740739464759827
Homo sapiens (Human),30,34,helix,0.8550993800163269
Homo sapiens (Human),35,47,strand,0.8338434925446143
Homo sapiens (Human),48,50,helix,0.7712821364402771
Homo sapiens (Human),51,54,strand,0.7504998445510864
Homo sapiens (Human),55,57,helix,0.9637329578399658
Homo sapiens (Human),58,61,strand,0.824390321969986
Homo sapiens (Human),62,65,helix,0.5728821754455566
Homo sapiens (Human),66,70,strand,0.9548937320709229
Homo sapiens (Human),71,72,helix,0.6032495498657227
Homo sapiens (Human),73,87,strand,0.9379670739173889
Homo sapiens (Human),89,91,strand,0.6866154670715332
